<?xml version="1.0" encoding="UTF-8"?>
<!DOCTYPE configuration	PUBLIC "-//mybatis.org//DTD Config 3.0//EN"	"http://mybatis.org/dtd/mybatis-3-config.dtd">

<configuration>
	<typeAliases>
		<typeAlias type="mybatmodel.commentdto" alias="dto"/>
	</typeAliases>


<environments default="development">
		<environment id="development">
			<transactionManager type="JDBC" />
			<dataSource type="POOLED">
				<property name="driver" value="com.mysql.jdbc.Driver" />
				<property name="url" value="jdbc:mysql://localhost/userinfo?useSSL=false&amp;useUnicode=true&amp;characterEncoding=utf8" />
				<property name="username" value="root" />
				<property name="password" value="317272" />
			</dataSource>
		</environment>
	</environments>
	
	<mappers>
		<mapper resource="mybatconnect/mapper.xml"/>
	</mappers>

</configuration>



