<?xml version="1.0" encoding="UTF-8"?>

<beans xmlns:xsi="http://www.w3.org/2001/XMLSchema-instance"

	xmlns:aop="http://www.springframework.org/schema/aop"

	xmlns="http://www.springframework.org/schema/beans"

	xmlns:p="http://www.springframework.org/schema/p"

	xmlns:context="http://www.springframework.org/schema/context"

	xmlns:mvc="http://www.springframework.org/schema/mvc"

	xsi:schemaLocation="http://www.springframework.org/schema/mvc

http://www.springframework.org/schema/mvc/spring-mvc.xsd    http://www.springframework.org/schema/aop

http://www.springframework.org/schema/aop/spring-aop.xsd    http://www.springframework.org/schema/beans

http://www.springframework.org/schema/beans/spring-beans.xsd    http://www.springframework.org/schema/context

http://www.springframework.org/schema/context/spring-context.xsd">



	<context:annotation-config />

	<context:component-scan base-package="com.fruit.peach.controller" />
	<mvc:annotation-driven>

         <!-- messageConvertert -->

         <mvc:message-converters>

                  <bean class="org.springframework.http.converter.StringHttpMessageConverter">

<property name="supportedMediaTypes">

                                   <list>

                                            <value>text/html; charset=UTF-8</value>

                                   </list>

                           </property>

                  </bean>



                  <bean class="org.springframework.http.converter.json.MappingJackson2HttpMessageConverter">

<property name="supportedMediaTypes">

<list>

                              <value>application/json; charset=UTF-8</value>

                                  </list>

                           </property>

                  </bean>

         </mvc:message-converters>

</mvc:annotation-driven>

</beans>